keyword,language,search_intent,primary_page,secondary_concepts,business_or_academic_value,search_demand,competition,current_rank,target_rank,page_status,cannibalization_risk,content_cluster
انتخاب رشته,fa,Commercial investigation,/fa/entekhab-reshteh/,"انتخاب رشته کنکور; رشته دانشگاهی; اولویت انتخاب",High,TBD,TBD,TBD,TBD,INDEX,Low,انتخاب رشته
انتخاب رشته کنکور ۱۴۰۵,fa,Informational,/fa/akhbar/entekhab-reshteh-1405/,"دفترچه; مهلت; انتخاب رشته",High,Seasonal,TBD,TBD,TBD,INDEX,Low,انتخاب رشته
مشاوره تحصیلی,fa,Commercial investigation,/fa/moshavere-tahsili/,"هدایت تحصیلی; برنامه تحصیلی",High,TBD,TBD,TBD,TBD,INDEX,Low,مشاوره تحصیلی
مشاوره کنکور,fa,Commercial investigation,/fa/moshavere-konkur/,"برنامه‌ریزی کنکور; تصمیم‌گیری",High,TBD,TBD,TBD,TBD,INDEX,Low,مشاوره تحصیلی
استعدادیابی تحصیلی,fa,Commercial investigation,/fa/estedaadyabi/,"استعداد; علاقه; مسیر رشد",High,TBD,TBD,TBD,TBD,INDEX,Low,استعدادیابی
Golden Talent,fa,Navigational,/fa/golden-talent/,"مسیر طلایی استعداد; RCAS; BAHAR",High,Brand,TBD,TBD,1,INDEX,Low,استعدادیابی
رشد دانش آموز,fa,Informational,/fa/danesh-amoozan/,"پروفایل رشد; مسیر آموزشی",Medium,TBD,TBD,TBD,TBD,INDEX,Low,رشد دانش‌آموز
آموزش زبان انگلیسی,fa,Informational,/fa/amoozesh-zaban/,"یادگیری زبان; مواد آموزشی; ارزشیابی",Medium,TBD,TBD,TBD,TBD,INDEX,Low,آموزش زبان انگلیسی
دکتر جواد رضازاده یزدلی,fa,Navigational,/fa/,"جواد رضازاده; مدرس دانشگاه; مشاور آموزشی",High,Brand,Low,TBD,1,INDEX,Low,هویت
کتاب کشف مسیر طلایی استعداد,fa,Navigational,/fa/ketab-ha/,"Golden Talent; کتاب استعداد",Medium,Brand,Low,TBD,TBD,INDEX,Low,کتاب‌ها و آثار
Javad Rezazadeh Yazdeli,en,Navigational,/en/,"Dr Javad Rezazadeh; academic profile",High,Brand,Low,TBD,1,INDEX,Low,Academic Profile
Javad Rezazadeh Yazdeli publications,en,Navigational,/en/publications/,"ORCID; Semantic Scholar; Applied Linguistics",High,Brand,Low,TBD,TBD,INDEX,Low,Publications
Javad Rezazadeh Yazdeli research,en,Navigational,/en/research/,"Applied Linguistics; education research",High,Brand,Low,TBD,TBD,INDEX,Low,Research
English language education,en,Informational,/en/language-education/,"Applied Linguistics; materials; assessment",Medium,TBD,TBD,TBD,TBD,INDEX,Medium,Language Education
teacher education professional learning,en,Informational,/en/teacher-education/,"assessment literacy; materials literacy; AI",Medium,TBD,TBD,TBD,TBD,INDEX,Low,Teacher Education
developmental talent identification,en,Informational,/en/golden-talent/,"multi-source evidence; educational pathway",High,TBD,TBD,TBD,TBD,INDEX,Low,Talent and Educational Development
Golden Talent framework,en,Navigational,/en/golden-talent/,"RCAS; Golden Path; BAHAR",High,Brand,Low,TBD,TBD,INDEX,Low,Talent and Educational Development
academic engagements Javad Rezazadeh,en,Navigational,/en/academic-engagements/,"conferences; academic service",Medium,Brand,Low,TBD,TBD,INDEX,Low,International Academic Engagement
Javad Rezazadeh books,en,Navigational,/en/books/,"Golden Talent; poetry; educational books",Medium,Brand,Low,TBD,TBD,INDEX,Low,Books
contact Javad Rezazadeh,en,Navigational,/en/contact/,"academic collaboration; professional enquiries",Medium,Brand,Low,TBD,TBD,INDEX,Low,Academic Profile
مقالات علمی دکتر جواد رضازاده یزدلی,fa,Navigational,/fa/entesharat-elmi/,"ORCID; Google Scholar; Semantic Scholar; Academia",High,Brand,Low,TBD,TBD,INDEX,Low,فعالیت‌های علمی
راهنماهای آموزشی,fa,Informational,/fa/rahnamaha/,"انتخاب رشته; مشاوره تحصیلی; استعدادیابی; تصمیم آموزشی",Medium,TBD,TBD,TBD,TBD,INDEX,Low,راهنماهای آموزشی
international academic collaboration,en,Commercial investigation,/en/collaboration/,"research collaboration; publishing; invited talks; teacher education",High,TBD,TBD,TBD,TBD,INDEX,Low,International Academic Engagement
پژوهش دکتر جواد رضازاده یزدلی,fa,Navigational,/fa/pajouhesh/,"زبان‌شناسی کاربردی; سنجش; مواد آموزشی; پژوهش آمیخته",High,Brand,Low,TBD,TBD,INDEX,Low,فعالیت‌های علمی
Javad Rezazadeh academic profile,en,Navigational,/en/academic-profile/,"education; research fields; teaching; scholarly identifiers",High,Brand,Low,TBD,TBD,INDEX,Low,Academic Profile

student talent assessment,en,Informational,/en/golden-talent/,"developmental talent assessment; student strengths; evidence profile",High,TBD,TBD,TBD,TBD,INDEX,Medium,Talent and Educational Development
student strengths assessment,en,Informational,/en/golden-talent/,"strengths; learning evidence; growth profile",High,TBD,TBD,TBD,TBD,INDEX,Medium,Talent and Educational Development
major exploration for students,en,Commercial investigation,/en/golden-talent/,"major choice; university pathway; evidence-based exploration",High,TBD,TBD,TBD,TBD,INDEX,Medium,Talent and Educational Development
career exploration for students,en,Commercial investigation,/en/golden-talent/,"career direction; pathway experiments; student interests",High,TBD,TBD,TBD,TBD,INDEX,Medium,Talent and Educational Development
evidence-based student guidance,en,Informational,/en/golden-talent/,"student evidence; human review; educational decisions",Medium,TBD,TBD,TBD,TBD,INDEX,Low,Talent and Educational Development
student educational guidance,en,Commercial investigation,/en/student-guidance/,"major exploration; pathway guidance; student decisions",High,TBD,TBD,TBD,TBD,INDEX,Low,International Student Guidance
major exploration,en,Commercial investigation,/en/student-guidance/,"university major; educational pathway; evidence-based decision",High,TBD,TBD,TBD,TBD,INDEX,Low,International Student Guidance
educational pathway guidance,en,Commercial investigation,/en/student-guidance/,"student pathway; next-step experiment; review",Medium,TBD,TBD,TBD,TBD,INDEX,Low,International Student Guidance
multi-source talent assessment,en,Informational,/en/golden-talent/methodology/,"multi-source evidence; developmental interpretation; student evidence",High,TBD,TBD,TBD,TBD,INDEX,Low,Talent Methodology
evidence-based talent identification,en,Informational,/en/golden-talent/methodology/,"evidence states; source separation; human review",High,TBD,TBD,TBD,TBD,INDEX,Low,Talent Methodology
developmental assessment methodology,en,Informational,/en/golden-talent/methodology/,"RCAS routing; D1-D6; uncertainty; review",Medium,TBD,TBD,TBD,TBD,INDEX,Low,Talent Methodology
روش استعدادیابی علمی,fa,Informational,/fa/golden-talent/ravesh-shenasi/,"شواهد چندمنبعی; تفسیر رشدگرا; RCAS",High,TBD,TBD,TBD,TBD,INDEX,Low,روش‌شناسی استعدادیابی
مدل شواهد استعدادیابی,fa,Informational,/fa/golden-talent/ravesh-shenasi/,"شواهد دانش‌آموز; والد; معلم; زمینه",Medium,TBD,TBD,TBD,TBD,INDEX,Low,روش‌شناسی استعدادیابی
استعدادیابی چندمنبعی,fa,Informational,/fa/golden-talent/ravesh-shenasi/,"همگرایی شواهد; تعارض شواهد; مسیر رشد",High,TBD,TBD,TBD,TBD,INDEX,Low,روش‌شناسی استعدادیابی
educational services for students,en,Commercial investigation,/en/services/,"student guidance; talent assessment; educational pathway",High,TBD,TBD,TBD,TBD,INDEX,Low,Educational Services
student educational services,en,Commercial investigation,/en/services/,"major exploration; Golden Talent; guidance",High,TBD,TBD,TBD,TBD,INDEX,Low,Educational Services
خدمات آموزشی,fa,Commercial investigation,/fa/khadamat/,"مشاوره تحصیلی; استعدادیابی; انتخاب رشته",High,TBD,TBD,TBD,TBD,INDEX,Low,خدمات آموزشی
خدمات مشاوره تحصیلی,fa,Commercial investigation,/fa/khadamat/,"انتخاب رشته; مشاوره کنکور; Golden Talent",High,TBD,TBD,TBD,TBD,INDEX,Low,خدمات آموزشی
student career guidance,en,Commercial investigation,/en/student-guidance/,"career exploration; educational pathway; next-step planning",High,TBD,TBD,TBD,TBD,INDEX,Low,International Student Guidance
college major guidance for students,en,Commercial investigation,/en/student-guidance/,"major exploration; university pathway; decision support",High,TBD,TBD,TBD,TBD,INDEX,Low,International Student Guidance
talent assessment for high school students,en,Informational,/en/golden-talent/,"student strengths; developmental evidence; pathway exploration",High,TBD,TBD,TBD,TBD,INDEX,Medium,Talent and Educational Development
strengths and interests assessment for students,en,Informational,/en/golden-talent/,"strengths; interests; context; multi-source evidence",Medium,TBD,TBD,TBD,TBD,INDEX,Medium,Talent and Educational Development
career pathway planning for students,en,Commercial investigation,/en/student-guidance/,"career exploration; major exploration; action planning",Medium,TBD,TBD,TBD,TBD,INDEX,Low,International Student Guidance
استعدادیابی دانش آموز,fa,Commercial investigation,/fa/estedaadyabi/,"شناخت توانمندی; علاقه; شواهد چندمنبعی; مسیر رشد",High,TBD,TBD,TBD,TBD,INDEX,Low,استعدادیابی
تست استعدادیابی دانش آموز,fa,Informational,/fa/estedaadyabi/,"محدودیت تست; شواهد چندمنبعی; شناخت استعداد",High,TBD,TBD,TBD,TBD,INDEX,Medium,استعدادیابی
مشاوره انتخاب رشته کنکور,fa,Commercial investigation,/fa/entekhab-reshteh/,"انتخاب رشته دانشگاه; اولویت انتخاب; تصمیم مبتنی بر شواهد",High,Seasonal,TBD,TBD,TBD,INDEX,Low,انتخاب رشته
چگونه رشته مناسب خود را انتخاب کنیم,fa,Informational,/fa/rahnamaha/che-reshteyi-baraye-man-monaseb-ast/,"استعداد; علاقه; توانمندی; تصمیم رشته",High,TBD,TBD,TBD,TBD,INDEX,Low,انتخاب رشته
انتخاب رشته بر اساس استعداد,fa,Informational,/fa/estedaadyabi/,"استعداد; علاقه; زمینه; مسیر تحصیلی",Medium,TBD,TBD,TBD,TBD,INDEX,Medium,استعدادیابی
رتبه و انتخاب رشته,fa,Informational,/fa/rahnamaha/rotbe-va-tanasob-dar-entekhab-reshteh/,"امکان قبولی; تناسب رشته; اولویت انتخاب",High,TBD,TBD,TBD,TBD,INDEX,Low,انتخاب رشته
تناسب رشته با فرد,fa,Informational,/fa/rahnamaha/rotbe-va-tanasob-dar-entekhab-reshteh/,"علاقه; توانایی; شرایط; مسیر رشد",Medium,TBD,TBD,TBD,TBD,INDEX,Low,انتخاب رشته
