index,slug,title_fa,featured_file,og_file,alt_fa,featured_width,featured_height,og_width,og_height
0,academic-cv-professional,رزومه آکادمیک حرفه‌ای,featured-1600x900/academic-cv-professional-featured.webp,og-1200x630/academic-cv-professional-og.webp,تصویر مفهومی رزومه آکادمیک حرفه‌ای، سوابق دانشگاهی و مسیر رشد علمی,1600,900,1200,630
1,academic-editing-vs-grammar-correction,Academic Editing در برابر Grammar Correction,featured-1600x900/academic-editing-vs-grammar-correction-featured.webp,og-1200x630/academic-editing-vs-grammar-correction-og.webp,تصویر مفهومی ویرایش آکادمیک، بازبینی زبان و اصلاح نگارش مقاله علمی,1600,900,1200,630
2,ai-dar-tadris,هوش مصنوعی در تدریس,featured-1600x900/ai-dar-tadris-featured.webp,og-1200x630/ai-dar-tadris-og.webp,تصویر مفهومی کاربرد هوش مصنوعی در تدریس و یادگیری حرفه‌ای,1600,900,1200,630
3,alaghe-tahsili-vaghei-ya-movaghat,علاقه تحصیلی واقعی یا موقت,featured-1600x900/alaghe-tahsili-vaghei-ya-movaghat-featured.webp,og-1200x630/alaghe-tahsili-vaghei-ya-movaghat-og.webp,تصویر مفهومی سنجش علاقه تحصیلی پایدار و تمایز آن از علاقه موقت,1600,900,1200,630
4,alaghe-va-estedaad-motafavet,تفاوت علاقه و استعداد,featured-1600x900/alaghe-va-estedaad-motafavet-featured.webp,og-1200x630/alaghe-va-estedaad-motafavet-og.webp,تصویر مفهومی تفاوت علاقه، استعداد و توانایی در تصمیم‌گیری تحصیلی,1600,900,1200,630
5,arzyabi-mavad-amoozeshi,ارزیابی مواد آموزشی,featured-1600x900/arzyabi-mavad-amoozeshi-featured.webp,og-1200x630/arzyabi-mavad-amoozeshi-og.webp,تصویر مفهومی ارزیابی کتاب، محتوای آموزشی و کیفیت مواد یادگیری,1600,900,1200,630
6,aya-nomre-bala-yani-estedaad,آیا نمره بالا یعنی استعداد؟,featured-1600x900/aya-nomre-bala-yani-estedaad-featured.webp,og-1200x630/aya-nomre-bala-yani-estedaad-og.webp,تصویر مفهومی رابطه نمره، عملکرد تحصیلی و استعداد واقعی,1600,900,1200,630
7,az-arzyabi-ta-barname-roshd-danesh-amooz,از ارزیابی تا برنامه رشد دانش‌آموز,featured-1600x900/az-arzyabi-ta-barname-roshd-danesh-amooz-featured.webp,og-1200x630/az-arzyabi-ta-barname-roshd-danesh-amooz-og.webp,تصویر مفهومی تبدیل ارزیابی دانش‌آموز به برنامه رشد و اقدام,1600,900,1200,630
8,azmoon-khoob-vijegiha,یک آزمون خوب چه ویژگی‌هایی دارد؟,featured-1600x900/azmoon-khoob-vijegiha-featured.webp,og-1200x630/azmoon-khoob-vijegiha-og.webp,تصویر مفهومی آزمون استاندارد، سنجش معتبر و تحلیل پاسخ‌ها,1600,900,1200,630
9,barname-yek-mahe-konkur,برنامه یک‌ماهه کنکور,featured-1600x900/barname-yek-mahe-konkur-featured.webp,og-1200x630/barname-yek-mahe-konkur-og.webp,تصویر مفهومی برنامه‌ریزی فشرده یک‌ماهه کنکور و مدیریت زمان,1600,900,1200,630
10,bazaar-kar-dar-entekhab-reshteh,نقش بازار کار در انتخاب رشته,featured-1600x900/bazaar-kar-dar-entekhab-reshteh-featured.webp,og-1200x630/bazaar-kar-dar-entekhab-reshteh-og.webp,تصویر مفهومی بازار کار، آینده شغلی و انتخاب رشته آگاهانه,1600,900,1200,630
11,behtarin-sen-estedaadyabi,بهترین سن استعدادیابی,featured-1600x900/behtarin-sen-estedaadyabi-featured.webp,og-1200x630/behtarin-sen-estedaadyabi-og.webp,تصویر مفهومی رشد تدریجی استعداد و زمان مناسب شناسایی توانایی‌ها,1600,900,1200,630
12,che-reshteyi-baraye-man-monaseb-ast,چه رشته‌ای برای من مناسب است؟,featured-1600x900/che-reshteyi-baraye-man-monaseb-ast-featured.webp,og-1200x630/che-reshteyi-baraye-man-monaseb-ast-og.webp,تصویر مفهومی انتخاب مسیر تحصیلی متناسب با ویژگی‌های فردی,1600,900,1200,630
13,chegoone-estedaad-vaghei-farzand-ra-beshenasim,چگونه استعداد واقعی فرزند را بشناسیم؟,featured-1600x900/chegoone-estedaad-vaghei-farzand-ra-beshenasim-featured.webp,og-1200x630/chegoone-estedaad-vaghei-farzand-ra-beshenasim-og.webp,تصویر مفهومی شناسایی استعداد واقعی کودک با مشاهده چندمنبعی,1600,900,1200,630
14,chera-danesh-amooz-baestedaad-bi-angizhe-ast,چرا دانش‌آموز بااستعداد بی‌انگیزه است؟,featured-1600x900/chera-danesh-amooz-baestedaad-bi-angizhe-ast-featured.webp,og-1200x630/chera-danesh-amooz-baestedaad-bi-angizhe-ast-og.webp,تصویر مفهومی استعداد بالا، افت انگیزه و نیاز به مسیر رشد مناسب,1600,900,1200,630
15,chera-maghale-amade-ersal-nist,چرا مقاله آماده ارسال نیست؟,featured-1600x900/chera-maghale-amade-ersal-nist-featured.webp,og-1200x630/chera-maghale-amade-ersal-nist-og.webp,تصویر مفهومی بازبینی مقاله علمی پیش از ارسال به مجله,1600,900,1200,630
16,chera-yek-test-baraye-estedaadyabi-kafi-nist,چرا یک تست برای استعدادیابی کافی نیست؟,featured-1600x900/chera-yek-test-baraye-estedaadyabi-kafi-nist-featured.webp,og-1200x630/chera-yek-test-baraye-estedaadyabi-kafi-nist-og.webp,تصویر مفهومی استعدادیابی چندمنبعی و محدودیت یک آزمون منفرد,1600,900,1200,630
17,desk-rejection-chist,Desk Rejection چیست؟,featured-1600x900/desk-rejection-chist-featured.webp,og-1200x630/desk-rejection-chist-og.webp,تصویر مفهومی رد اولیه مقاله و ارزیابی تناسب با مجله علمی,1600,900,1200,630
18,entekhab-majale-monaseb,انتخاب مجله مناسب,featured-1600x900/entekhab-majale-monaseb-featured.webp,og-1200x630/entekhab-majale-monaseb-og.webp,تصویر مفهومی انتخاب ژورنال علمی متناسب با موضوع و دامنه مقاله,1600,900,1200,630
19,entekhab-reshteh-jame,راهنمای جامع انتخاب رشته,featured-1600x900/entekhab-reshteh-jame-featured.webp,og-1200x630/entekhab-reshteh-jame-og.webp,تصویر مفهومی انتخاب رشته جامع بر پایه مسیر، شواهد و اولویت‌ها,1600,900,1200,630
20,estedaad-alaghe-bazaar-kar,استعداد، علاقه و بازار کار,featured-1600x900/estedaad-alaghe-bazaar-kar-featured.webp,og-1200x630/estedaad-alaghe-bazaar-kar-og.webp,تصویر مفهومی پیوند استعداد، علاقه و آینده شغلی در تصمیم تحصیلی,1600,900,1200,630
21,ghabl-az-submit-maghale,قبل از Submit مقاله,featured-1600x900/ghabl-az-submit-maghale-featured.webp,og-1200x630/ghabl-az-submit-maghale-og.webp,تصویر مفهومی چک‌لیست نهایی مقاله پیش از سابمیت به مجله,1600,900,1200,630
22,golden-talent-chist,Golden Talent چیست؟,featured-1600x900/golden-talent-chist-featured.webp,og-1200x630/golden-talent-chist-og.webp,تصویر مفهومی کشف استعداد، رشد توانایی و مسیر طلایی فردی,1600,900,1200,630
23,gozaresh-estedaad-va-masir-roshd,گزارش استعداد و مسیر رشد,featured-1600x900/gozaresh-estedaad-va-masir-roshd-featured.webp,og-1200x630/gozaresh-estedaad-va-masir-roshd-og.webp,تصویر مفهومی گزارش استعداد و تبدیل یافته‌ها به مسیر رشد,1600,900,1200,630
24,jalase-moshtarak-valed-danesh-amooz,جلسه مشترک والد و دانش‌آموز,featured-1600x900/jalase-moshtarak-valed-danesh-amooz-featured.webp,og-1200x630/jalase-moshtarak-valed-danesh-amooz-og.webp,تصویر مفهومی گفت‌وگوی مشترک والد، دانش‌آموز و مشاور,1600,900,1200,630
25,kargah-amoozeshi-asarbakhsh,کارگاه آموزشی اثربخش,featured-1600x900/kargah-amoozeshi-asarbakhsh-featured.webp,og-1200x630/kargah-amoozeshi-asarbakhsh-og.webp,تصویر مفهومی کارگاه آموزشی تعاملی و یادگیری مبتنی بر عمل,1600,900,1200,630
26,khadamat-amoozeshi-pajouheshi-moshavere-javad-rezazadeh,خدمات آموزشی، پژوهشی و مشاوره‌ای,featured-1600x900/khadamat-amoozeshi-pajouheshi-moshavere-javad-rezazadeh-featured.webp,og-1200x630/khadamat-amoozeshi-pajouheshi-moshavere-javad-rezazadeh-og.webp,تصویر مفهومی مجموعه خدمات آموزشی، پژوهشی و مشاوره‌ای تخصصی,1600,900,1200,630
27,madarese-che-zamani-moshaver-amoozeshi,مدارس چه زمانی به مشاور آموزشی نیاز دارند؟,featured-1600x900/madarese-che-zamani-moshaver-amoozeshi-featured.webp,og-1200x630/madarese-che-zamani-moshaver-amoozeshi-og.webp,تصویر مفهومی مدرسه، تصمیم آموزشی و نقش مشاور تخصصی,1600,900,1200,630
28,madarese-system-estedaadyabi,سیستم استعدادیابی در مدارس,featured-1600x900/madarese-system-estedaadyabi-featured.webp,og-1200x630/madarese-system-estedaadyabi-og.webp,تصویر مفهومی نظام استعدادیابی مدرسه و پایش رشد دانش‌آموزان,1600,900,1200,630
29,major-revision-az-koja-shoroo-konim,Major Revision؛ از کجا شروع کنیم؟,featured-1600x900/major-revision-az-koja-shoroo-konim-featured.webp,og-1200x630/major-revision-az-koja-shoroo-konim-og.webp,تصویر مفهومی برنامه‌ریزی اصلاحات مقاله پس از Major Revision,1600,900,1200,630
30,moghayese-reshteha-ba-matris-tasmim,مقایسه رشته‌ها با ماتریس تصمیم,featured-1600x900/moghayese-reshteha-ba-matris-tasmim-featured.webp,og-1200x630/moghayese-reshteha-ba-matris-tasmim-og.webp,تصویر مفهومی مقایسه چندمعیاره رشته‌های تحصیلی و ماتریس تصمیم,1600,900,1200,630
31,mosahabe-heyat-elmi,مصاحبه هیئت علمی,featured-1600x900/mosahabe-heyat-elmi-featured.webp,og-1200x630/mosahabe-heyat-elmi-og.webp,تصویر مفهومی آمادگی برای مصاحبه دانشگاهی و مسیر هیئت علمی,1600,900,1200,630
32,moshavere-konkur-herfei,مشاوره کنکور حرفه‌ای,featured-1600x900/moshavere-konkur-herfei-featured.webp,og-1200x630/moshavere-konkur-herfei-og.webp,تصویر مفهومی مشاوره کنکور، هدف‌گذاری و پایش عملکرد,1600,900,1200,630
33,moshavere-moallem-mavad-sanjessh,مشاوره معلم، مواد آموزشی و سنجش,featured-1600x900/moshavere-moallem-mavad-sanjessh-featured.webp,og-1200x630/moshavere-moallem-mavad-sanjessh-og.webp,تصویر مفهومی پیوند تدریس، مواد آموزشی، سنجش و بازخورد,1600,900,1200,630
34,moshavere-pajouheshi-che-zamani-lazem-ast,چه زمانی مشاوره پژوهشی لازم است؟,featured-1600x900/moshavere-pajouheshi-che-zamani-lazem-ast-featured.webp,og-1200x630/moshavere-pajouheshi-che-zamani-lazem-ast-og.webp,تصویر مفهومی مشاوره پژوهشی برای روش، تحلیل و انتشار علمی,1600,900,1200,630
35,moshavere-tahsili-baraye-tasmim,مشاوره تحصیلی برای تصمیم,featured-1600x900/moshavere-tahsili-baraye-tasmim-featured.webp,og-1200x630/moshavere-tahsili-baraye-tasmim-og.webp,تصویر مفهومی مشاوره تحصیلی و تصمیم‌گیری مبتنی بر شواهد,1600,900,1200,630
36,moshavere-tahsili-takhasosi-chist,مشاوره تحصیلی تخصصی چیست؟,featured-1600x900/moshavere-tahsili-takhasosi-chist-featured.webp,og-1200x630/moshavere-tahsili-takhasosi-chist-og.webp,تصویر مفهومی مشاوره تحصیلی تخصصی، تحلیل شواهد و انتخاب مسیر,1600,900,1200,630
37,naghsh-valedein-dar-masir-estedaad,نقش والدین در مسیر استعداد,featured-1600x900/naghsh-valedein-dar-masir-estedaad-featured.webp,og-1200x630/naghsh-valedein-dar-masir-estedaad-og.webp,تصویر مفهومی حمایت والدین از کشف و رشد استعداد فرزند,1600,900,1200,630
38,pasokh-be-davaran,چگونه به داوران مقاله پاسخ دهیم؟,featured-1600x900/pasokh-be-davaran-featured.webp,og-1200x630/pasokh-be-davaran-og.webp,تصویر مفهومی پاسخ حرفه‌ای به داوران و اصلاح مقاله علمی,1600,900,1200,630
39,proofreading-editing-manuscript-review,Proofreading، Academic Editing و Manuscript Review,featured-1600x900/proofreading-editing-manuscript-review-featured.webp,og-1200x630/proofreading-editing-manuscript-review-og.webp,تصویر مفهومی سه سطح بازبینی، ویرایش و ارزیابی مقاله علمی,1600,900,1200,630
40,rotbe-va-tanasob-dar-entekhab-reshteh,رتبه و تناسب در انتخاب رشته,featured-1600x900/rotbe-va-tanasob-dar-entekhab-reshteh-featured.webp,og-1200x630/rotbe-va-tanasob-dar-entekhab-reshteh-og.webp,تصویر مفهومی رتبه، تناسب فردی و تصمیم آگاهانه در انتخاب رشته,1600,900,1200,630
41,tafavot-estedaad-alaghe-maharat-amalkard,تفاوت استعداد، علاقه، مهارت و عملکرد,featured-1600x900/tafavot-estedaad-alaghe-maharat-amalkard-featured.webp,og-1200x630/tafavot-estedaad-alaghe-maharat-amalkard-og.webp,تصویر مفهومی تفاوت استعداد، علاقه، مهارت و عملکرد قابل مشاهده,1600,900,1200,630
42,tahlil-karname-tahsili,تحلیل کارنامه تحصیلی,featured-1600x900/tahlil-karname-tahsili-featured.webp,og-1200x630/tahlil-karname-tahsili-og.webp,تصویر مفهومی تحلیل روند نمرات، عملکرد و تصمیم آموزشی,1600,900,1200,630
43,tosee-herfei-moalleman,توسعه حرفه‌ای معلمان,featured-1600x900/tosee-herfei-moalleman-featured.webp,og-1200x630/tosee-herfei-moalleman-og.webp,تصویر مفهومی رشد حرفه‌ای معلم، بازخورد، تمرین و یادگیری مستمر,1600,900,1200,630
44,valedein-dar-entekhab-reshteh-cheghadr-dakhalat-konand,والدین در انتخاب رشته چقدر دخالت کنند؟,featured-1600x900/valedein-dar-entekhab-reshteh-cheghadr-dakhalat-konand-featured.webp,og-1200x630/valedein-dar-entekhab-reshteh-cheghadr-dakhalat-konand-og.webp,تصویر مفهومی نقش متعادل والدین در انتخاب رشته دانش‌آموز,1600,900,1200,630
